ID_code,target,var_0,var_1,var_2,var_3,var_4,var_5,var_6,var_7,var_8,var_9,var_10,var_11,var_12,var_13,var_14,var_15,var_16,var_17,var_18,var_19,var_20,var_21,var_22,var_23,var_24,var_25,var_26,var_27,var_28,var_29,var_30,var_31,var_32,var_33,var_34,var_35,var_36,var_37,var_38,var_39,var_40,var_41,var_42,var_43,var_44,var_45,var_46,var_47,var_48,var_49,var_50,var_51,var_52,var_53,var_54,var_55,var_56,var_57,var_58,var_59,var_60,var_61,var_62,var_63,var_64,var_65,var_66,var_67,var_68,var_69,var_70,var_71,var_72,var_73,var_74,var_75,var_76,var_77,var_78,var_79,var_80,var_81,var_82,var_83,var_84,var_85,var_86,var_87,var_88,var_89,var_90,var_91,var_92,var_93,var_94,var_95,var_96,var_97,var_98,var_99,var_100,var_101,var_102,var_103,var_104,var_105,var_106,var_107,var_108,var_109,var_110,var_111,var_112,var_113,var_114,var_115,var_116,var_117,var_118,var_119,var_120,var_121,var_122,var_123,var_124,var_125,var_126,var_127,var_128,var_129,var_130,var_131,var_132,var_133,var_134,var_135,var_136,var_137,var_138,var_139,var_140,var_141,var_142,var_143,var_144,var_145,var_146,var_147,var_148,var_149,var_150,var_151,var_152,var_153,var_154,var_155,var_156,var_157,var_158,var_159,var_160,var_161,var_162,var_163,var_164,var_165,var_166,var_167,var_168,var_169,var_170,var_171,var_172,var_173,var_174,var_175,var_176,var_177,var_178,var_179,var_180,var_181,var_182,var_183,var_184,var_185,var_186,var_187,var_188,var_189,var_190,var_191,var_192,var_193,var_194,var_195,var_196,var_197,var_198,var_199
train_0,0,8.9255,-6.7863,11.9081,5.093,11.4607,-9.2834,5.1187,18.6266,-4.92,5.747,2.9252,3.1821,14.0137,0.5745,8.7989,14.5691,5.7487,-7.2393,4.284,30.7133,10.535,16.2191,2.5791,2.4716,14.3831,13.4325,-5.1488,-0.4073,4.9306,5.9965,-0.3085,12.9041,-3.8766,16.8911,11.192,10.5785,0.6764,7.8871,4.6667,3.8743,-5.2387,7.3746,11.5767,12.0446,11.6418,-7.017,5.9226,-14.2136,16.0283,5.3253,12.9194,29.046,-0.694,5.1736,-0.7474,14.8322,11.2668,5.3822,2.0183,10.1166,16.1828,4.959,2.0771,-0.2154,8.6748,9.5319,5.8056,22.4321,5.0109,-4.701,21.6374,0.5663,5.1999,8.86,43.1127,18.3816,-2.344,23.4104,6.5199,12.1983,13.6468,13.8372,1.3675,2.9423,-4.5213,21.4669,9.3225,16.4597,7.9984,-1.7069,-21.4494,6.7806,11.0924,9.9913,14.8421,0.1812,8.9642,16.2572,2.1743,-3.4132,9.4763,13.3102,26.5376,1.4403,14.71,6.0454,9.5426,17.1554,14.1104,24.3627,2.0323,6.7602,3.9141,-0.4851,2.524,1.5093,2.5516,15.5752,-13.4221,7.2739,16.0094,9.7268,0.8897,0.7754,4.2218,12.0039,13.8571,-0.7338,-1.9245,15.4462,12.8287,0.3587,9.6508,6.5674,5.1726,3.1345,29.4547,31.4045,2.8279,15.6599,8.3307,-5.6011,19.0614,11.2663,8.6989,8.3694,11.5659,-16.4727,4.0288,17.9244,18.5177,10.78,9.0056,16.6964,10.4838,1.6573,12.1749,-13.1324,17.6054,11.5423,15.4576,5.3133,3.6159,5.0384,6.676,12.6644,2.7004,-0.6975,9.5981,5.4879,-4.7645,-8.4254,20.8773,3.1531,18.5618,7.7423,-10.1245,13.7241,-3.5189,1.7202,-8.4051,9.0164,3.0657,14.3691,25.8398,5.8764,11.8411,-19.7159,17.5743,0.5857,4.4354,3.9642,3.1364,1.691,18.5227,-2.3978,7.8784,8.5635,12.7803,-1.0914
train_1,0,11.5006,-4.1473,13.8588,5.389,12.3622,7.0433,5.6208,16.5338,3.1468,8.0851,-0.4032,8.0585,14.0239,8.4135,5.4345,13.7003,13.8275,-15.5849,7.8,28.5708,3.4287,2.7407,8.5524,3.3716,6.9779,13.891,-11.7684,-2.5586,5.0464,0.5481,-9.2987,7.8755,1.2859,19.371,11.3702,0.7399,2.7995,5.8434,10.816,3.6783,-11.1147,1.873,9.8775,11.7842,1.2444,-47.3797,7.3718,0.1948,34.4014,25.7037,11.8343,13.2256,-4.1083,6.6885,-8.0946,18.5995,19.3219,7.0118,1.921,8.8682,8.0109,-7.2417,1.7944,-1.3147,8.1042,1.5365,5.4007,7.9344,5.022,2.2302,40.5632,0.5134,3.1701,20.1068,7.7841,7.0529,3.2709,23.4822,5.5075,13.7814,2.5462,18.1782,0.3683,-4.821,-5.485,13.7867,-13.5901,11.0993,7.9022,12.2301,0.4768,6.8852,8.0905,10.9631,11.7569,-1.2722,24.7876,26.6881,1.8944,0.6939,-13.695,8.4068,35.4734,1.7093,15.1866,2.6227,7.3412,32.0888,13.955,13.0858,6.6203,7.1051,5.3523,8.5426,3.6159,4.1569,3.0454,7.8522,-11.51,7.5109,31.5899,9.5018,8.2736,10.1633,0.1225,12.5942,14.5697,2.4354,0.8194,16.5346,12.4205,-0.178,5.7582,7.0513,1.9568,-8.9921,9.7797,18.1577,-1.9721,16.1622,3.6937,6.6803,-0.3243,12.2806,8.6086,11.0738,8.9231,11.77,4.2578,-4.4223,20.6294,14.8743,9.4317,16.7242,-0.5687,0.1898,12.2419,-9.6953,22.3949,10.6261,29.4846,5.8683,3.8208,15.8348,-5.0121,15.1345,3.2003,9.3192,3.8821,5.7999,5.5378,5.0988,22.033,5.5134,30.2645,10.4968,-7.2352,16.5721,-7.3477,11.0752,-5.5937,9.4878,-14.91,9.4245,22.5441,-4.8622,7.6543,-15.9319,13.3175,-0.3566,7.6421,7.7214,2.5837,10.9516,15.4305,2.0339,8.1267,8.7889,18.356,1.9518
train_2,0,8.6093,-2.7457,12.0805,7.8928,10.5825,-9.0837,6.9427,14.6155,-4.9193,5.9525,-0.3249,-11.2648,14.1929,7.3124,7.5244,14.6472,7.6782,-1.7395,4.7011,20.4775,17.7559,18.1377,1.2145,3.5137,5.6777,13.2177,-7.994,-2.9029,5.8463,6.1439,-11.1025,12.4858,-2.2871,19.0422,11.0449,4.1087,4.6974,6.9346,10.8917,0.9003,-13.5174,2.2439,11.5283,12.0406,4.1006,-7.9078,11.1405,-5.7864,20.7477,6.8874,12.9143,19.5856,0.7268,6.4059,9.3124,6.2846,15.6372,5.82,1.1,9.1854,12.5963,-10.3734,0.8748,5.8042,3.7163,-1.1016,7.3667,9.8565,5.0228,-5.7828,2.3612,0.852,6.3577,12.1719,19.7312,19.4465,4.5048,23.2378,6.3191,12.8046,7.4729,15.7811,13.3529,10.1852,5.4604,19.0773,-4.4577,9.5413,11.9052,2.1447,-22.4038,7.0883,14.1613,10.508,14.2621,0.2647,20.4031,17.036,1.6981,-0.0269,-0.3939,12.6317,14.8863,1.3854,15.0284,3.9995,5.3683,8.6273,14.1963,20.3882,3.2304,5.7033,4.5255,2.1929,3.129,2.9044,1.1696,28.7632,-17.2738,2.1056,21.1613,8.9573,2.7768,-2.1746,3.6932,12.4653,14.1978,-2.5511,-0.9479,17.1092,11.5419,0.0975,8.8186,6.6231,3.9358,-11.7218,24.5437,15.5827,3.8212,8.6674,7.3834,-2.4438,10.2158,7.4844,9.1104,4.3649,11.4934,1.7624,4.0714,-1.2681,14.333,8.0088,4.4015,14.1479,-5.1747,0.5778,14.5362,-1.7624,33.882,11.6041,13.207,5.8442,4.7086,5.7141,-1.041,20.5092,3.279,-5.5952,7.3176,5.769,-7.0927,-3.9116,7.2569,-5.8234,25.682,10.9202,-0.3104,8.8438,-9.7009,2.4013,-4.2935,9.3908,-13.2648,3.1545,23.0866,-5.3,5.3745,-6.266,10.1934,-0.8417,2.9057,9.7905,1.6704,1.6858,21.6042,3.1417,-6.5213,8.2675,14.7222,0.3965
train_3,0,11.0604,-2.1518,8.9522,7.1957,12.5846,-1.8361,5.8428,14.925,-5.8609,8.245,2.3061,2.8102,13.8463,11.9704,6.4569,14.8372,10.743,-0.4299,15.9426,13.7257,20.301,12.5579,6.8202,2.7229,12.1354,13.7367,0.8135,-0.9059,5.907,2.8407,-15.2398,10.4407,-2.5731,6.1796,10.6093,-5.9158,8.1723,2.8521,9.1738,0.6665,-3.8294,-1.037,11.777,11.2834,8.0485,-24.684,12.7404,-35.1659,0.7613,8.3838,12.6832,9.5503,1.7895,5.2091,8.0913,12.3972,14.4698,6.585,3.3164,9.4638,15.782,-25.0222,3.4418,-4.3923,8.6464,6.3072,5.6221,23.6143,5.022,-3.9989,4.0462,0.25,1.2516,24.4187,4.529,15.4235,11.6875,23.6273,4.0806,15.2733,0.7839,10.5404,1.6212,-5.2896,1.6027,17.9762,-2.3174,15.6298,4.5474,7.5509,-7.5866,7.0364,14.4027,10.7795,7.2887,-1.093,11.3596,18.1486,2.8344,1.948,-19.8592,22.5316,18.6129,1.3512,9.3291,4.2835,10.3907,7.0874,14.3256,14.4135,4.2827,6.975,1.648,11.6896,2.5762,-2.5459,5.3446,38.1015,3.5732,5.0988,30.5644,11.3025,3.9618,-8.2464,2.7038,12.3441,12.5431,-1.3683,3.5974,13.9761,14.3003,1.0486,8.95,7.1954,-1.1984,1.9586,27.5609,24.6065,-2.8233,8.9821,3.8873,15.9638,10.0142,7.8388,9.9718,2.9253,10.4994,4.1622,3.7613,2.3701,18.0984,17.1765,7.6508,18.2452,17.0336,-10.937,12.05,-1.2155,19.975,12.3892,31.8833,5.9684,7.2084,3.8899,-11.0882,17.2502,2.5881,-2.7018,0.5641,5.343,-7.1541,-6.192,18.2366,11.7134,14.7483,8.1013,11.8771,13.9552,-10.4701,5.6961,-3.7546,8.4117,1.8986,7.2601,-0.4639,-0.0498,7.9336,-12.8279,12.4124,1.8489,4.4666,4.7433,0.7178,1.4214,23.0347,-1.2706,-2.9275,10.2922,17.9697,-8.9996
train_4,0,9.8369,-1.4834,12.8746,6.6375,12.2772,2.4486,5.9405,19.2514,6.2654,7.6784,-9.4458,-12.1419,13.8481,7.8895,7.7894,15.0553,8.4871,-3.068,6.5263,11.3152,21.4246,18.9608,10.1102,2.7142,14.208,13.5433,3.1736,-3.3423,5.9015,7.9352,-3.1582,9.4668,-0.0083,19.3239,12.4057,0.6329,2.7922,5.8184,19.3038,1.445,-5.5963,14.0685,11.9171,11.5111,6.9087,-65.4863,13.8657,0.0444,-0.1346,14.4268,13.3273,10.4857,-1.4367,5.7555,-8.5414,14.1482,16.984,6.1812,1.9548,9.2048,8.6591,-27.7439,-0.4952,-1.7839,5.267,-4.3205,6.986,1.6184,5.0301,-3.2431,40.1236,0.7737,-0.7264,4.5886,-4.5346,23.3521,1.0273,19.16,7.1734,14.3937,2.9598,13.3317,-9.2587,-6.7075,7.8984,14.5265,7.0799,20.167,8.0053,3.7954,-39.7997,7.0065,9.3627,10.4316,14.0553,0.0213,14.7246,35.2988,1.6844,0.6715,-22.9264,12.3562,17.341,1.694,7.1179,5.1934,8.823,10.6617,14.0837,28.2749,-0.1937,5.9654,1.0719,7.9923,2.9138,-3.6135,1.4684,25.6795,13.8224,4.7478,41.1037,12.714,5.2964,9.7289,3.937,12.1316,12.5815,7.0642,5.6518,10.9346,11.4266,0.9442,7.7532,6.6173,-6.8304,6.473,17.1728,25.8128,2.6791,13.9547,6.6289,-4.3965,11.7159,16.108,7.6874,9.157,11.567,-12.7047,3.7574,9.911,20.1461,1.2995,5.8493,19.8234,4.7022,10.6101,13.0021,-12.6068,27.0846,8.0913,33.5107,5.6953,5.4663,18.2201,6.5769,21.2607,3.2304,-1.7759,3.1283,5.5518,1.4493,-2.6627,19.8056,2.3705,18.4685,16.3309,-3.3456,13.5261,1.7189,5.1743,-7.6938,9.7685,4.891,12.2198,11.8503,-7.8931,6.4209,5.927,16.0201,-0.2829,-1.4905,9.5214,-0.1508,9.1942,13.2876,-1.5121,3.9267,9.5031,17.9974,-8.8104
train_5,0,11.4763,-2.3182,12.608,8.6264,10.9621,3.5609,4.5322,15.2255,3.5855,5.979,0.801,-0.6192,13.638,1.2589,8.1939,14.9894,12.0763,-1.471,6.7341,14.8241,19.7172,11.9882,1.0468,3.8663,4.7252,13.9427,-1.2796,-4.3763,5.1494,0.4124,-5.0732,4.901,1.5459,15.6423,10.7209,15.1886,1.8685,7.7223,5.5317,2.2308,2.6553,13.973,11.5015,11.6891,14.1062,-44.7257,10.647,-24.6935,29.9912,13.5894,13.2355,5.5513,-7.7762,5.2399,7.0189,15.2849,11.8258,5.9587,4.7676,8.2253,11.1254,-0.7472,-1.6063,6.0702,6.0604,5.4693,4.9098,14.116,5.011,-5.6684,35.2664,0.678,8.1653,9.9031,10.5392,14.4814,12.7784,17.4977,3.3793,16.0082,-5.4905,15.3766,1.8135,-1.9153,-8.3058,20.169,2.6433,19.9457,9.4972,-3.5982,-1.1717,6.9204,8.8093,10.5375,10.2029,1.1735,14.0648,17.91,0.9217,0.0886,-8.3794,19.8236,12.278,1.6012,15.409,4.2972,10.5131,16.4164,14.1434,23.9731,7.004,7.1879,3.9414,9.9727,3.6737,0.897,2.2988,-18.1194,8.6835,-2.8671,11.2701,9.0465,-1.5511,9.9305,4.3756,12.3697,13.0031,5.0993,-5.8702,15.0534,12.7212,0.5762,7.0965,6.6143,-8.8256,-0.9844,26.1603,11.9963,-5.9018,13.3065,4.4419,-0.0496,18.7239,14.1586,9.6607,2.6134,12.965,4.728,3.9799,1.4462,19.5171,7.5903,5.7223,15.2331,15.4401,-2.0738,12.4068,-16.8151,24.2054,4.9455,16.5552,5.3739,6.4487,11.5631,1.3847,14.9638,2.8455,-9.0953,3.8278,5.9714,-6.1449,-2.0285,18.4106,1.4457,21.8853,9.2654,-6.5247,10.7687,-7.6283,1.0208,7.1968,11.1227,2.2257,6.4056,21.055,-13.6509,4.7691,-8.9114,15.1007,2.4286,-6.3068,6.6025,5.2912,0.4403,14.9452,1.0314,-3.6241,9.767,12.5809,-4.7602
train_6,0,11.8091,-0.0832,9.3494,4.2916,11.1355,-8.0198,6.1961,12.0771,-4.3781,7.9232,-5.1288,-7.5271,14.1629,13.3058,7.8412,14.3363,7.5951,11.0922,21.1976,6.2946,15.8877,24.2595,8.1159,3.9769,7.6851,13.36,-0.5156,0.069,5.6452,4.614,-12.389,12.088,-1.529,9.2376,11.151,6.6352,4.8462,7.0202,19.9479,-6.2271,4.4616,9.0383,10.6889,10.948,15.0431,1.0776,14.2049,-2.0894,26.6997,18.4393,12.984,23.2511,-3.4444,5.2735,3.71,12.4798,18.4812,6.6104,2.7292,7.9378,15.3738,-12.6687,0.6272,2.7414,6.7854,0.4546,5.861,13.5793,5.0178,-5.7921,21.164,0.6386,3.7051,19.3404,29.6714,13.7166,12.5176,16.9189,5.2232,16.9441,-2.7142,12.3111,-2.5448,10.7269,-1.3374,21.5486,12.6511,6.3112,5.9346,10.4663,-9.2271,7.014,11.1954,10.4502,11.1829,0.6137,23.729,32.8788,2.4715,0.0483,-22.2159,17.0682,20.5977,1.8554,12.1542,4.3055,8.3469,23.3089,14.4272,13.5718,11.6967,6.6323,2.7194,4.611,2.309,0.3681,2.9144,19.418,1.3141,-0.981,23.3644,10.5135,5.7981,-5.0096,0.5866,11.8274,12.188,1.7719,2.7085,21.7473,11.941,0.5405,8.9913,7.4506,-13.2871,-5.789,23.8387,7.8704,5.2588,7.4428,2.7612,10.3221,-1.7192,16.4603,8.9949,11.7397,11.4148,6.852,3.8912,-1.3446,11.6169,10.4602,4.3166,13.1753,9.9217,-2.5725,13.7241,-10.0345,21.9814,11.1648,39.9599,5.5552,3.3459,9.2661,6.1213,23.7558,3.0298,5.9109,8.1035,6.1887,0.2619,-1.1405,25.1675,2.6965,17.0152,12.7942,-3.0403,8.1735,4.5637,3.8973,-8.1416,10.057,15.7862,3.3593,11.914,-4.287,7.5015,-29.9763,17.2867,1.8539,8.783,6.4521,3.5325,0.1777,18.3314,0.5845,9.1104,9.1143,10.8869,-3.2097
train_7,0,13.558,-7.9881,13.8776,7.5985,8.6543,0.831,5.689,22.3262,5.0647,7.1971,1.4532,-6.7033,14.2919,10.9699,6.919,14.2459,9.5376,-0.7226,5.1548,17.1535,13.7326,14.4195,1.2375,3.1711,9.1258,13.325,3.3883,-0.4418,5.4501,7.9894,-0.9976,14.5609,-2.0712,16.9717,11.5257,-0.499,2.8303,7.5772,9.0294,1.2659,-12.0219,14.1991,11.2721,11.2407,13.5776,-27.2543,14.0908,0.8217,13.1139,9.3627,13.7538,11.0741,-8.4732,6.6503,-14.4815,9.6728,18.6279,6.5482,3.8325,8.0006,13.5775,-3.7978,0.1582,4.2888,4.4444,-8.4758,5.2078,8.772,5.0128,-7.411,27.0016,1.0085,3.7054,16.4133,20,10.2128,0.7557,20.7298,6.7311,14.5571,-3.813,13.3314,-10.5909,6.7943,-0.3443,23.553,6.986,6.0584,6.3539,6.7745,-24.7167,6.8082,9.1942,11.2303,11.8245,-0.6602,18.3689,27.5106,2.0848,2.2442,-0.6013,20.9117,16.5885,1.4998,14.1148,4.1641,8.5132,16.4147,14.2331,15.1642,2.5181,7.1014,3.3046,5.7495,2.8527,4.1954,4.9895,19.4388,0.2901,0.0794,31.9043,12.7068,1.6484,-1.7767,3.0002,11.9988,13.4588,0.7693,1.7439,13.4471,11.3924,0.4158,9.8819,7.0754,-1.8253,-1.9968,21.5241,28.9405,-0.0447,17.2586,1.0003,-8.4069,18.4261,16.1918,9.745,12.1132,9.1689,-10.6657,4.1435,26.7837,14.055,14.582,7.2698,13.8387,13.2217,-1.5242,11.2587,-0.0072,8.6696,19.2246,23.7765,5.4098,5.1402,10.7013,-8.2583,26.3286,2.6085,-10.9163,8.7362,5.2273,8.9519,-2.3522,6.1335,0.0876,19.5642,13.2008,-11.1786,17.3041,-0.6535,0.0592,5.114,10.5478,6.9736,6.9724,24.0369,-4.822,8.4947,-5.9076,18.8663,1.9731,13.17,6.5491,3.9906,5.8061,23.1407,-0.3776,4.2178,9.4237,8.6624,3.4806
train_8,0,16.1071,2.4426,13.9307,5.6327,8.8014,6.163,4.4514,10.1854,-3.1882,9.0827,0.9501,1.7982,14.0654,-3.0572,11.1642,14.8757,10.0075,-8.9472,3.8349,0.856,10.6958,6.3738,6.558,2.6182,13.2506,13.7929,-14.4918,-2.5407,5.9575,2.4882,-11.1344,10.5106,-1.0573,19.329,12.2897,-2.816,6.9208,5.1498,14.7272,3.7692,-5.1399,18.3702,11.6615,11.7713,17.0313,16.4608,15.8764,-31.7855,36.3433,3.6113,12.4808,21.6108,4.1448,7.3927,6.2674,3.0724,11.6257,6.4755,10.0001,9.1362,13.3139,-18.0895,-0.1775,-0.3974,6.7869,2.9187,4.1319,3.6984,5.0157,1.4661,18.5359,1.1193,-2.8856,12.7991,42.4798,18.4006,16.2544,18.0704,7.4604,14.7145,0.2894,14.8569,7.753,0.4054,-0.5715,12.0137,-1.8589,16.1938,4.4812,2.1191,-9.9819,6.7557,16.0403,10.6106,15.9417,0.3753,4.6527,29.8431,1.7439,-0.4049,-6.631,12.3847,15.7514,1.8678,10.2898,4.6365,11.2891,23.9502,14.3644,21.5387,8.5274,5.7185,2.988,9.2962,1.9852,2.9761,0.4784,-1.6092,0.249,3.1809,24.0629,13.7669,0.689,13.9142,7.3468,12.8652,12.7353,-2.5087,-2.3019,17.8815,10.4515,1.1093,9.2075,6.8742,-6.2121,-16.4566,27.0769,21.1216,7.4044,4.4973,-0.9883,-2.2243,8.472,11.3281,7.7581,14.3487,9.2668,-5.2689,4.0489,26.6128,12.3918,6.2836,9.3942,15.7184,5.456,1.1374,14.9044,-14.2764,30.8145,10.2231,30.674,5.7888,4.118,9.1486,-5.2618,14.4422,2.6893,-9.5251,1.7455,5.9018,3.1838,-1.7865,4.9105,3.5803,32.9149,13.0201,-2.4845,11.0988,7.4609,-2.1408,-3.9172,7.7291,-11.4027,2.0696,-1.7937,-0.003,11.5024,-18.3172,13.1403,0.7014,1.4298,14.751,1.6395,1.4181,14.837,-1.994,-1.0733,8.1975,19.5114,4.8453
train_9,0,12.5088,1.9743,8.896,5.4508,13.6043,-16.2859,6.0637,16.841,0.1287,7.9682,0.8787,3.0537,13.9639,0.8071,9.924,15.2659,11.39,1.5367,5.4649,13.6196,23.7806,4.4221,6.1695,3.2978,4.5923,13.3778,-3.22,-2.3302,6.112,-0.0289,-13.1141,9.127,2.258,19.845,10.9237,2.4796,7.2948,5.1347,11.5906,-0.5429,-17.9593,3.847,11.9304,11.9698,3.4963,-39.3042,14.4194,-9.1752,10.31,15.1636,12.726,14.8416,4.023,5.9517,10.4479,12.5368,18.2968,7.3065,10.1983,8.3434,13.5216,-27.7693,-0.3455,2.8807,4.7154,-6.7308,6.125,21.6131,5.0257,-1.4481,34.464,0.9713,7.1164,24.3013,22.3524,21.7572,18.6539,14.9513,6.824,17.2993,0.3744,16.6244,-4.6693,-4.1518,-5.2838,20.9641,-1.641,11.9991,6.8734,1.1525,-1.7442,7.1458,18.3243,9.9112,11.5548,-0.3913,8.9374,-10.6731,2.2221,-3.1096,-12.3881,14.6142,27.1285,1.4879,7.561,4.8005,6.3887,25.5165,14.0859,15.6704,-0.2992,6.6049,3.168,9.655,3.0773,3.4336,5.8506,28.3111,-4.4909,-2.2542,25.1828,10.8598,5.2196,0.0266,7.2126,12.4578,14.1408,5.6843,2.0829,14.7554,10.8094,0.3322,9.4819,6.9338,1.8246,10.1502,27.6996,17.1042,-7.958,3.3289,-2.0864,6.9251,15.2416,9.2758,9.4738,5.9444,8.4279,-10.5564,3.84,3.2398,15.0413,2.5438,12.2268,15.2896,-0.3764,0.1317,13.5117,-1.3546,14.1058,7.3503,13.7379,5.4536,6.2403,17.1668,-5.3527,14.378,2.4139,-9.1925,2.6859,5.854,-3.0868,-1.2558,24.2683,-4.5382,18.2209,7.5652,6.3377,14.6223,-13.896,2.391,2.7878,11.3457,-9.6774,10.3382,19.0645,-7.6785,6.758,-21.607,20.8112,-0.1873,0.5543,6.316,1.0371,3.6885,14.8344,0.4467,14.1287,7.9133,16.2375,14.2514
train_10,0,5.0702,-0.5447,9.59,4.2987,12.391,-18.8687,6.0382,14.3797,-0.4711,7.3198,4.6603,-14.0548,13.9059,9.0796,11.8218,14.3125,11.0386,4.7462,17.4442,10.7502,11.6244,8.2466,-0.5277,2.8072,7.4451,13.783,-0.2494,-0.1141,5.9583,2.8036,-0.2332,12.54,2.1982,11.5565,11.0755,5.4034,8.5073,6.9892,18.9346,2.3433,-21.7094,13.0761,9.9371,11.5166,16.2484,-14.3037,9.5389,1.3353,-4.7516,14.517,12.0509,12.6231,2.983,5.7882,8.4743,18.2753,19.6147,5.5825,-0.5322,9.037,10.8315,-24.8302,5.6544,0.0008,4.3266,5.5399,4.5168,15.2323,5.0206,-6.3509,28.6126,0.4985,-3.0206,13.2378,12.5976,24.0593,-1.6632,21.3545,5.1314,16.8236,11.2363,15.1476,-4.4434,5.0589,-7.724,22.5873,-9.2297,10.9208,8.9359,8.3764,-10.9358,7.2384,20.8407,10.6976,13.5238,-0.7028,9.9918,17.455,0.925,-0.5097,-11.045,18.7886,24.8815,1.648,13.1226,3.9234,7.7927,21.9778,14.0798,18.6262,11.4485,6.9326,2.3542,8.2593,3.5603,3.7204,5.811,29.4251,2.9953,2.3328,34.7532,14.4685,-1.2816,9.256,7.6837,12.0695,12.4384,-0.2877,-6.084,19.9716,10.7361,0.9447,8.2966,7.2528,-4.0378,-13.6109,11.8146,29.5525,-0.0033,15.7759,-1.2128,5.9635,16.1875,16.7369,7.8607,10.1524,6.2019,-10.3828,4.177,9.1182,18.9595,4.0707,11.6354,18.7339,-4.9978,-4.6861,14.0767,-8.7755,6.6546,14.0749,7.0656,5.347,3.78,8.0339,-9.9638,20.9325,3.7723,-3.8352,7.4966,5.7487,0.4344,6.537,7.2105,-3.5162,27.1062,13.2255,1.1165,10.2981,-4.0424,3.986,-11.6023,11.1783,14.8384,10.9622,22.4111,-3.3333,16.2396,-7.0216,17.321,0.6963,7.278,8.0819,0.2139,-0.0761,14.9585,-1.216,6.6576,9.2553,14.2914,-7.6652
train_11,0,12.7188,-7.975,10.3757,9.0101,12.857,-12.0852,5.6464,11.837,1.2953,6.8093,-6.1501,-5.4925,13.6713,9.5331,4.823,14.7383,6.8414,-9.0195,17.5407,17.1926,6.076,2.3546,7.6435,3.98,6.9099,13.3506,-8.0681,-3.947,3.9651,7.7577,-6.7792,11.9451,-3.2295,10.7779,10.8248,-5.8872,-0.2503,6.7759,8.7495,4.6174,-14.3565,4.1506,10.8857,11.632,7.1195,0.9947,7.9732,-19.057,19.0609,12.7972,12.8416,13.6991,6.9002,6.0329,6.4658,17.5672,23.914,7.6549,4.5344,9.5548,9.51,3.3572,0.672,0.6655,4.8546,0.6703,6.9901,15.9448,5.0253,-0.0277,19.8306,0.6094,3.1525,26.1904,13.288,2.576,4.1554,21.5541,9.029,14.0546,9.3734,14.46,-3.1348,-5.6557,-2.8363,16.9832,-1.9897,22.097,7.5957,3.0245,-14.9165,6.771,16.9051,10.0539,13.0801,-0.8879,7.1533,15.5037,2.6233,1.1981,5.665,8.6915,23.2232,1.447,10.1841,2.7563,8.4977,19.6394,14.0483,20.4826,1.0573,7.7284,1.5806,3.2407,2.5849,2.3573,3.4398,26.2884,-8.969,5.1101,15.8098,8.6251,3.7845,9.5213,4.5264,12.2092,13.2655,-4.3756,-3.1777,12.7623,11.3442,0.8558,8.1213,6.5528,-12.9403,-7.6193,32.2827,10.2728,-1.5431,-0.3827,6.42,-0.1438,16.313,10.9945,9.2293,1.9994,11.8306,-20.9052,4.0637,-4.7269,15.2428,9.6205,5.7331,16.2076,1.7685,-5.4189,14.3239,-17.8819,28.0748,12.5755,5.9874,5.4122,3.0756,12.5066,1.5809,18.242,3.6452,-3.6111,3.4261,5.7226,2.7449,-0.3629,23.9603,-4.3861,22.4637,10.8169,-7.086,13.8536,-5.3953,6.3811,-0.2817,11.1792,3.9031,14.1906,14.7535,-10.4444,6.8885,-0.1458,21.8375,-0.1857,-0.8901,2.6559,-0.0503,5.5946,13.6152,2.4058,-1.7183,9.6745,16.7498,-3.9728
train_12,0,8.7671,-4.6154,9.7242,7.4242,9.0254,1.4247,6.2815,12.3143,5.6964,6.0197,5.2524,-4.5162,14.1985,9.6978,8.6948,13.9111,9.3556,-13.7217,2.1749,11.4645,9.4219,34.8112,6.4927,4.0522,12.5483,13.5935,-9.9662,-2.0558,5.6994,11.3379,4.0196,8.3829,3.699,23.889,12.054,0.9791,0.7492,5.3935,15.3207,3.5101,7.1081,17.3252,10.7844,11.2553,8.3973,10.7508,12.2441,-2.8746,1.603,20.8943,12.1572,22.8361,-6.7847,6.3801,-4.1502,12.4773,24.5456,5.7078,5.1583,10.2619,13.0745,-12.1898,3.7167,2.2835,7.2956,-0.0531,4.7486,14.4361,5.0129,1.1689,18.542,1.0342,-3.9865,19.3637,30.5952,17.3941,9.7507,13.3971,2.7452,15.5084,16.857,19.8428,-7.0416,9.8285,-2.3319,13.4443,2.0083,7.6764,6.8082,0.1089,-34.7708,7.052,16.1208,11.576,15.163,-1.0599,19.2135,2.2822,2.3122,-3.6028,-13.4588,12.3692,11.6228,1.3457,11.8383,4.8187,9.3082,22.9052,14.0867,27.156,2.772,6.8542,5.2236,4.3613,3.5584,-1.2828,1.7316,17.3312,-12.8204,9.353,29.838,8.9465,4.0084,1.4524,5.8634,12.4522,12.8349,-1.0677,2.8208,12.9751,10.3046,1.038,5.9949,7.0451,0.4879,11.9585,19.7736,38.4982,2.2086,0.3492,12.259,7.484,2.0305,14.3444,9.9395,1.5483,7.9593,-7.3333,3.9489,17.9367,19.4408,5.9161,11.8759,17.4579,3.5785,-2.2327,12.6372,-6.8624,10.1454,6.5483,30.5234,5.7813,6.4252,20.5597,-3.809,20.3979,3.3998,-12.2034,8.484,5.4729,3.253,4.7714,18.5149,-1.3783,27.0374,10.3448,-7.8723,14.0301,-14.0628,-1.2209,8.6217,10.2952,-16.5506,6.9453,-0.5242,-1.3825,10.055,-13.6977,20.0393,1.2974,0.3782,7.4382,0.0854,1.3444,17.2439,-0.0798,5.7389,8.4897,17.0938,4.6106
train_13,1,16.3699,1.5934,16.7395,7.333,12.145,5.9004,4.8222,20.9729,1.1064,8.6978,2.3287,-11.3409,13.7999,2.7925,6.3182,14.7313,7.2594,-2.4759,14.3984,9.1793,16.8467,19.4258,1.6565,2.5107,7.1272,13.6444,-12.8761,-1.0136,5.1773,7.3507,-16.0042,6.446,-3.3238,14.3372,10.9481,6.7386,-0.511,4.4335,7.8621,0.9851,-2.7683,20.3226,11.6988,11.4962,6.9105,3.154,16.8121,-16.4423,11.3112,10.3608,13.3774,28.1402,-7.2237,7.7886,4.1192,12.158,16.3189,4.959,8.5248,8.4103,7.4576,-21.2631,2.0528,-0.9234,7.041,0.0356,6.2113,16.2506,5.0265,-5.283,43.2469,0.7891,-4.6379,2.0563,34.3104,11.6237,18.8226,23.6974,5.1943,14.7594,-4.2354,12.1677,-8.1746,-5.0063,13.5283,20.7959,1.8496,8.2186,7.2955,0.3097,5.1511,7.0012,15.9338,10.1819,15.0883,0.4787,26.9915,6.6598,2.6128,-2.349,3.0553,7.9854,23.1168,1.28,10.3728,4.2077,6.9854,3.2922,14.1718,19.9806,7.3345,6.6171,3.4385,10.8491,2.8266,-3.6481,0.6314,13.8302,-2.5018,-2.3101,11.2664,11.7174,-0.4719,7.8367,3.9109,12.4349,11.9001,0.1655,-5.0549,17.7638,11.7535,0.4436,6.0714,6.7134,-1.122,12.0274,32.1259,6.3593,-1.5168,1.4873,0.8073,13.7223,17.1869,11.3074,10.1656,0.852,9.4301,-6.1274,3.8642,1.5096,17.0617,5.0138,5.3431,18.8845,7.4016,-1.7007,13.8201,-3.1054,18.1658,6.6379,32.5287,5.8451,4.9591,11.7805,-7.0936,11.8863,3.2597,-4.3478,7.5711,5.6656,3.575,-8.6583,20.3131,-2.2723,15.7383,8.173,-12.4963,15.1929,3.9751,8.5618,2.4566,9.3694,0.6942,11.9694,11.8982,0.6129,10.8123,-1.0803,11.9586,-0.5899,7.4002,7.4031,4.3989,4.0978,17.3638,-1.3022,9.6846,9.0419,15.6064,-10.8529
train_14,0,13.808,5.0514,17.2611,8.512,12.8517,-9.1622,5.7327,21.0517,-4.5117,6.8116,8.2028,-7.8221,13.9241,10.3896,6.8838,14.1297,14.5268,-4.8877,26.1382,4.8558,23.4624,20.8922,8.0659,4.0123,7.6241,13.3559,-13.1966,-3.8157,6.1292,5.2018,-1.6535,11.3707,2.755,19.5342,10.6458,10.0454,0.9564,3.8333,13.0079,1.6806,7.8845,1.4269,11.0149,12.1214,7.5736,-6.5626,7.8535,-18.97,15.6651,11.5988,12.3821,-0.1118,-4.3987,5.5246,2.6776,9.1675,13.72,6.2372,7.6941,10.3796,3.9899,-28.1259,2.7835,0.3181,4.5298,-3.8985,5.6207,9.5731,5.0203,-5.9425,36.6398,0.9844,3.7291,8.7684,17.8056,10.5278,-0.1,16.1371,4.2005,14.207,4.6762,14.9304,6.2291,9.1703,-6.2429,16.0202,2.8262,16.1663,7.2524,6.9682,-0.5809,6.9044,17.2195,10.382,9.4765,-0.3397,10.0153,29.6691,3.974,0.7079,-7.4887,10.5649,24.8074,1.6084,8.8058,4.2805,11.3171,12.5439,14.4251,16.4421,6.257,7.2652,5.6589,12.5741,1.7613,5.9302,2.2599,45.0588,-6.2653,3.646,48.8792,13.4504,6.7362,1.8856,2.6005,12.3617,14.2914,0.7164,-3.0522,12.9256,13.3206,0.715,5.5274,6.5929,-15.8721,-3.1137,34.1622,11.9432,-5.2207,15.223,5.919,7.9199,24.2084,10.2945,9.1527,10.0958,13.8135,-9.4187,4.1184,4.237,17.3946,9.3863,10.4441,16.4421,15.8412,-3.0656,11.9998,-6.8458,11.0506,9.1354,21.0429,5.707,7.232,13.8567,8.0575,9.5069,2.8172,-10.994,4.0863,5.1196,-2.4897,3.1915,15.8254,3.8015,26.2032,8.555,5.5689,10.5646,-1.16,3.2684,-4.2496,10.5889,-15.4406,1.9688,30.8736,-6.4666,4.4271,16.0274,18.4116,1.0279,1.074,8.322,3.2619,1.6738,17.4797,-0.0257,-3.5323,9.3439,24.4479,-5.111
train_15,0,3.9416,2.6562,13.3633,6.8895,12.2806,-16.162,5.6979,14.4573,-4.3144,7.129,-7.0984,1.7324,14.1446,5.2403,5.0599,14.6456,7.2626,-15.3607,24.7424,17.6439,11.5724,11.4583,0.549,2.3395,8.3642,14.2083,-7.7781,-2.018,6.4194,3.6106,-12.7855,11.1948,1.323,13.9853,10.7737,7.0264,1.6508,6.0989,7.5711,-4.6098,-17.7249,2.4271,10.1051,12.046,3.2954,-34.0436,12.9922,-25.8124,14.679,28.1191,13.3836,16.8278,7.1393,6.3741,0.3618,13.4837,13.9663,5.8798,4.3868,9.2069,9.9538,-22.7829,1.9602,-1.2211,8.7602,1.3576,4.4527,14.2933,5.0085,-5.7862,11.3269,0.9925,-0.2101,8.2387,-11.7765,19.4705,8.3826,21.8628,5.4904,14.7332,1.0263,15.3367,1.2207,-2.0234,-0.4324,23.9033,6.2974,18.8752,6.5515,4.7269,-12.4368,6.7834,10.1365,9.0939,17.369,-0.1736,1.859,-4.5463,2.9103,1.3449,-8.3983,17.3156,15.4252,1.6919,9.9785,4.6852,3.7102,10.1972,14.2003,23.5847,0.6544,5.0437,2.113,0.7387,4.6307,-0.9106,2.0502,24.6517,-11.7223,5.0092,40.2209,11.8996,-3.5936,10.9542,2.1982,12.6665,12.9207,-0.4392,-7.3826,14.2616,12.4578,0.4224,6.6427,7.0095,-5.9515,4.063,7.9128,15.3688,0.8297,4.1289,3.6205,-2.9695,21.267,10.8972,8.6246,10.7959,8.9432,-9.8588,3.6942,8.2039,17.8921,10.41,6.376,13.7376,3.1786,-5.3311,12.5147,-6.9223,1.0356,3.1323,17.7009,5.4925,4.6479,10.263,1.9567,11.3951,2.0466,5.6207,6.3211,6.0198,7.9611,0.7532,8.4928,-9.9688,20.8953,8.3705,5.5334,8.5702,10.0225,1.485,1.5508,9.1124,-4.4539,7.3382,4.2341,2.1422,9.4803,2.4272,17.7642,-0.142,-3.4195,0.8829,-1.9859,3.9905,22.4647,0.5129,6.5273,8.2899,12.9116,-4.9182
train_16,0,5.0615,0.2689,15.1325,3.6587,13.5276,-6.5477,5.2757,9.871,2.5569,9.4701,-7.4401,-7.2719,14.1209,13.1612,7.2328,14.1264,12.975,-13.1485,11.8312,8.5909,13.4809,25.1365,-1.8565,3.249,10.1884,13.571,-2.424,-1.6708,6.263,7.5248,-21.0856,5.9672,1.5934,12.7383,11.4781,5.6599,4.6793,6.538,8.5836,3.0736,0.5194,3.2981,11.742,11.5462,8.7808,1.0178,11.9051,-3.9264,18.341,25.4926,13.5701,17.8763,-10.4224,5.5028,6.7551,6.9976,12.2911,6.8014,2.5467,8.3153,11.2385,-7.2516,-2.3157,3.5399,9.8635,2.6407,3.4905,2.0856,5.0242,-5.1323,23.6358,0.7755,-0.5582,17.2079,42.2312,17.1959,10.9165,21.6321,4.8181,14.6745,4.2265,9.6918,-2.2971,9.1091,-2.6912,17.0399,4.3994,8.0033,7.5874,4.05,-22.3375,7.1679,21.1065,10.2613,15.6936,-0.7433,21.792,17.0053,1.1433,1.1351,-6.9168,9.0239,36.924,1.6887,10.0322,3.6503,8.6705,17.3994,14.3871,15.5391,5.6066,7.0065,1.427,12.9711,2.4044,-4.0976,3.1768,6.9558,-8.1711,4.0124,15.3013,13.0813,0.726,6.3617,7.825,12.4912,12.6938,1.3189,-3.8558,16.2683,11.6274,0.8295,10.402,6.179,-2.6272,-14.2882,19.7169,5.2664,-1.0427,16.8975,9.8593,-0.2333,14.5463,15.3664,7.1434,-0.3372,11.4363,-9.8548,4.1943,-1.9294,19.6561,5.9752,6.9464,17.7124,2.2405,4.9209,12.0655,1.2721,21.3117,5.456,20.8226,5.7811,5.8153,8.6835,0.0044,22.1404,2.9461,-8.2292,1.202,5.9901,1.0695,-5.0337,13.3863,1.7808,30.1243,9.0178,-8.7409,9.3987,-10.5614,1.1569,-6.4217,12.7697,0.3566,8.2824,19.3315,1.5657,11.9624,15.2373,14.4534,-0.8986,0.2717,7.2854,0.567,8.1822,19.5616,0.4365,-3.4975,8.6367,20.2548,11.1524
train_17,0,8.4199,-1.8128,8.1202,5.3955,9.7184,-17.839,4.0959,15.286,1.9016,7.0967,-9.0265,-13.1314,13.9721,9.7421,7.9172,14.5945,8.9762,7.077,17.3135,-0.1572,11.1338,23.2228,0.959,2.1129,12.616,13.6211,-9.2049,-2.6749,6.0326,1.5041,-3.5015,10.6342,-6.7463,16.5111,11.5442,10.4791,1.1971,9.6804,4.9408,-0.4021,-12.9546,10.2042,9.5842,11.7721,21.4902,-4.7195,7.3292,5.0731,16.5367,14.5056,13.0481,19.2604,-3.1328,6.057,-1.0928,4.1699,18.9328,4.4575,2.5591,6.9961,7.6786,8.6283,2.3517,2.7487,3.7464,3.7319,6.3682,12.5329,5.0241,-8.7311,37.2751,0.6942,3.629,24.1874,21.3479,11.0771,8.1088,24.9571,5.4697,15.5261,-8.8102,17.2389,-9.4926,0.7107,1.8532,18.3333,10.9386,6.6244,8.7547,9.3943,-8.981,6.7196,8.8918,9.3566,9.8614,-0.047,9.395,14.4192,1.5832,-3.2281,-15.5751,16.0669,26.0955,1.4331,11.9743,3.8812,6.1337,24.2781,14.394,15.9378,0.6177,6.9662,2.3977,3.3224,3.8767,2.1924,2.4279,15.5359,-9.2462,1.9192,32.4139,10.8601,3.3577,9.5974,1.929,12.4593,12.6921,-2.2331,-6.2617,12.9147,12.8294,0.8626,7.2892,6.5635,0.1704,9.5402,21.3998,31.3978,-2.2524,5.4481,5.9801,8.5353,10.1072,16.0854,9.1405,5.098,6.3239,1.764,3.8241,20.7598,13.383,12.7295,4.9537,18.3797,12.4818,1.2811,11.5481,-0.41,24.7587,7.0709,40.564,5.406,2.6348,11.062,-10.58,10.0068,2.7462,0.9357,1.6138,5.5853,3.6524,-3.4627,13.6448,-15.314,10.0939,6.1118,5.3184,16.2099,-10.3392,-2.0261,-0.4819,9.7169,-5.033,8.2296,9.3832,4.0021,13.8037,6.8564,19.5097,0.9841,7.4363,11.3072,3.7903,0.029,16.2954,0.147,8.9603,9.456,19.4505,-5.2407
train_18,0,4.875,1.2646,11.919,8.465,10.7203,-0.6707,5.6103,16.4661,-2.6601,8.4254,0.8679,-7.0238,13.9686,12.5741,6.238,14.5437,12.2693,-13.1193,9.9427,17.9513,6.045,10.4735,3.4739,2.1166,4.4838,14.0284,-8.3551,-0.7147,5.3071,5.4624,-18.1344,7.8493,-1.2431,15.6862,12.0081,12.3369,3.1091,11.0724,6.8585,1.1507,1.5341,15.3458,12.0078,11.009,1.4479,-6.0847,10.1629,-3.01,16.3934,6.6681,12.8745,10.6665,-6.6769,6.2862,-6.5184,17.0492,17.1564,6.6442,11.11,8.1427,14.3746,-30.6546,2.3584,-1.715,6.2181,1.7083,6.2716,13.332,5.008,-0.4369,21.8863,0.4415,-3.0955,20.7122,45.4417,8.9316,11.903,24.9635,5.9486,13.4826,11.2439,14.7277,-1.7023,4.8322,-10.847,23.2828,17.6038,3.3563,10.2101,5.282,-20.0899,6.8909,18.5203,11.273,13.0257,0.0604,19.3831,27.7333,2.6649,-4.2388,-9.2141,19.7449,34.6382,1.2924,12.0488,3.6465,11.5142,18.5045,14.2002,16.0775,6.5448,6.2662,5.2786,10.4016,1.9936,0.1379,2.1445,-4.6214,-4.3774,5.7224,26.3948,10.3103,-1.0535,8.2509,7.1223,12.0628,13.8542,4.1454,2.6657,17.1441,11.8442,0.4644,10.0784,6.8475,-14.855,-16.8807,22.7181,20.929,9.3973,-0.3219,-2.5379,-12.5422,17.4649,11.652,7.3074,-3.6556,10.8052,0.8536,3.7605,15.2038,18.5608,18.733,6.0241,16.0689,1.425,4.8332,11.729,-4.1814,17.7295,14.2377,18.676,5.4044,5.0521,10.8412,3.2416,21.5354,2.1884,-2.0804,8.0884,5.8174,1.8296,8.6585,16.0065,2.2611,10.8713,15.3639,4.0261,12.2528,8.015,-0.7835,0.3129,12.5461,-4.0692,9.7048,12.6041,-8.5049,14.3691,-1.2482,18.9572,1.4226,9.1843,2.6812,1.8587,4.6929,16.0916,-1.5336,-4.0958,8.5873,17.1516,-22.194
train_19,0,4.409,-0.7863,15.1828,8.0631,11.2831,-0.7356,6.3801,16.0218,2.4621,8.2108,-1.7085,-15.0385,14.3029,6.4895,6.8158,15.1527,10.3103,-16.812,20.3723,6.7767,9.4105,19.5561,5.8036,3.3431,14.6333,13.7211,1.5862,-2.0137,5.0974,3.1395,-13.8079,16.5406,-5.7001,15.1379,11.3475,-1.4485,2.8208,8.719,15.2913,1.038,-15.6339,7.9683,11.8677,11.0822,15.1998,-35.5476,16.0518,-1.6336,14.699,29.164,12.4561,6.8391,-3.9638,6.1445,-11.7992,7.4655,12.8843,4.8457,5.7348,10.452,17.5996,-34.5001,-0.2552,-0.8983,6.4332,-0.5573,4.1507,8.5207,5.0275,-6.7811,21.4549,1.0447,1.6769,23.5506,43.5404,11.7833,4.1192,18.3492,7.487,12.7041,8.5251,17.5206,-3.2734,7.7828,-8.2678,23.0793,9.1862,0.7336,8.363,1.6743,-23.7868,6.8476,3.8479,9.9844,6.9386,0.4073,25.0574,17.8068,0.4027,-2.4512,-9.1695,14.3199,26.1544,1.3288,9.3645,4.3889,10.0236,16.5383,14.3013,13.0703,2.1146,5.7614,1.4104,5.8115,4.5089,1.6623,1.436,20.1456,3.8897,0.2596,25.7858,11.9591,0.4153,10.8844,5.6724,12.1712,12.0133,2.8831,-4.0559,20.6546,13.1102,0.4008,9.5009,6.5727,2.4084,-7.9306,16.1575,2.9664,3.8069,-0.6593,-1.7496,0.1593,0.8083,9.2925,8.8236,-2.077,9.565,1.7349,3.6365,9.7426,20.3249,11.0913,9.3677,18.9906,2.1552,-9.6123,13.5931,-13.3242,15.6522,14.2986,42.2626,5.213,2.621,14.5142,-9.0844,13.4373,3.3911,6.3506,4.2669,5.695,-7.8712,1.2484,11.3562,1.924,25.2396,13.1753,0.7324,10.804,-4.6552,3.3728,-5.2206,11.1295,-5.9693,6.1247,11.744,-4.1421,7.3125,-7.4564,18.9102,0.15,5.9745,6.3267,2.5156,8.9878,16.055,-2.1962,8.3985,9.1711,14.7352,3.9133
train_20,0,12.67,-2.0221,6.893,6.9152,9.5677,-11.2672,5.6061,16.2354,4.0217,6.4026,-2.3974,0.8275,13.9654,5.3329,4.5427,14.0522,11.4889,-9.776,14.339,-1.7803,12.3413,12.018,10.7121,3.8201,6.5131,13.3764,0.3495,-3.7017,6.2313,4.9603,7.5489,9.8525,1.4712,19.3337,12.3041,-6.5411,-4.0868,3.4488,6.5175,-0.2457,-15.9234,4.3933,10.1059,11.6763,16.222,19.7795,9.3617,5.2583,26.8956,20.4701,12.4777,17.3454,-7.0256,7.0947,14.8433,10.961,19.0511,6.4169,1.9143,10.5466,11.237,-4.9027,3.1214,-1.0359,7.5821,-4.4131,5.8804,7.8897,5.0261,0.3437,20.7542,0.7513,-2.2884,30.5143,33.1711,24.4948,12.9963,21.5394,7.4914,13.1776,2.0145,15.0392,-4.3796,6.3991,-5.7074,22.8472,3.5483,15.9885,10.0875,6.2575,-22.049,7.185,17.2221,10.0195,14.5356,-1.1995,30.8773,11.1179,2.756,-3.245,2.6768,20.7823,11.8784,1.5401,9.8953,3.7759,8.4839,18.2894,14.2732,17.999,9.4133,6.1567,2.5851,9.6512,3.1314,1.0033,1.2807,5.6488,-17.0021,2.6225,-0.121,10.8114,-0.1229,3.9516,5.7079,12.2502,13.987,-2.2267,0.244,15.4758,12.6822,1.3384,5.1831,7.1738,-13.1584,-8.4865,9.1538,9.6472,10.6961,13.7597,6.7357,-8.3611,11.8063,10.4866,9.1329,-0.1531,11.1476,-1.9753,4.0441,3.9485,14.5577,11.5067,7.0667,17.1583,11.6856,-1.1403,13.0894,-5.8797,26.5175,5.8354,12.0605,5.839,4.7141,19.8906,-8.3711,8.4306,2.7788,-11.85,7.9059,5.6108,-3.5697,-9.1935,13.7064,-2.6644,25.4312,10.1446,-5.5973,14.5239,0.351,2.0165,-2.6945,10.3467,8.8422,13.8335,24.5852,-1.9412,6.9296,-8.3762,18.902,1.3714,0.9841,5.7383,-0.1349,2.7194,13.8326,0.5365,9.1935,8.2176,22.4754,-19.9444
train_21,0,8.3918,1.4806,12.9804,7.5538,11.1531,-14.7776,5.9987,15.5148,-5.5531,6.9881,-2.5733,-8.6837,14.0181,8.8653,6.8902,14.6083,15.5734,-15.5477,21.5361,23.2668,17.2981,10.6236,5.4842,3.637,18.4023,14.1853,1.3014,0.4258,6.0092,1.8679,-18.6211,7.1566,-3.0095,18.2209,11.3579,1.7043,0.8239,4.399,14.4854,-0.6034,-4.0811,9.2701,9.7375,11.5173,14.0837,-28.7558,9.0053,-2.4631,27.6208,11.5044,13.3971,-0.6375,-2.4691,5.7057,1.8614,5.6094,13.5161,5.9425,0.7739,9.6554,13.4541,-27.6823,0.5023,-0.495,4.3095,1.8444,5.911,19.5145,5.028,-1.7822,35.5606,1.0311,-5.3887,22.5161,34.0206,11.0243,12.7877,18.0215,7.5189,13.6873,9.9399,19.0543,-9.0131,10.2485,5.1084,17.1456,3.4175,12.8822,7.5719,-4.4043,-28.5059,6.7961,12.9915,10.9104,10.9737,-0.2661,13.7416,8.5875,2.6555,-3.0382,-13.3442,13.4512,26.0969,1.5389,10.1854,5.1313,9.9604,12.4543,14.297,15.0962,2.7841,6.3399,2.3343,8.7938,3.1076,4.2997,3.7959,-5.2114,-14.4729,4.4087,21.0575,9.2469,3.5654,5.9678,5.9224,12.6327,14.2038,2.5353,2.144,16.3502,12.7447,1.1885,8.446,7.011,-1.5954,-13.0368,18.6372,11.2478,7.2111,-6.6104,0.5599,4.9087,18.4293,10.9355,7.5595,6.1249,6.6444,3.6868,3.9524,13.5632,17.2175,8.4593,6.1886,12.7586,5.5665,2.7081,13.4783,-2.6663,8.5171,9.0191,35.8726,5.3972,8.4441,9.8319,-7.4995,24.9808,2.5835,0.6106,12.8919,5.6503,5.3728,5.6555,15.6459,-6.8678,29.9106,14.836,2.9984,15.6472,1.3366,4.0156,-13.3083,9.4156,-5.5443,6.0697,18.5429,-0.4488,14.5027,-12.5878,19.5109,0.516,-0.0412,5.5717,0.7519,5.7839,23.1155,-1.274,2.0738,7.7761,17.4662,11.3979
train_22,0,10.2031,0.1925,14.0238,7.0345,11.8514,13.883,6.404,18.0058,-4.5693,9.5722,8.3229,5.1817,13.8188,7.6512,6.8677,14.9774,8.887,-6.4199,14.0392,20.2352,13.6528,23.8337,4.22,2.4733,15.6296,13.801,-9.9528,-2.0885,5.358,11.1357,0.8824,13.8222,0.5009,20.2165,10.7935,11.7235,4.7043,6.0271,7.9112,-2.3119,-11.573,9.1719,11.1863,11.76,9.8915,-34.6063,10.9444,-23.0559,-4.0128,18.8845,13.2031,7.4983,-5.8331,6.4229,5.5453,8.3308,12.8565,6.0896,6.8807,8.5292,10.2547,-22.798,4.9097,-1.16,5.9,6.643,6.1439,5.7568,5.0293,-4.4006,38.9836,0.464,2.0053,15.5517,8.6871,19.0799,11.607,19.4932,0.6689,14.0783,0.373,11.941,-1.7582,-0.553,-4.7523,10.6249,10.3852,13.8612,7.4702,5.3943,-26.243,6.708,17.7902,9.7987,5.815,0.0986,10.565,0.8797,1.6872,1.1287,-11.4792,8.5358,36.0909,1.4299,13.8222,4.0444,8.0111,28.6458,14.1849,14.9144,4.8559,6.4163,3.1938,6.5388,3.2022,6.8734,0.3239,10.3978,2.9983,2.7919,48.3525,14.1382,6.4011,10.2665,3.0836,12.1781,13.7486,1.0109,0.5809,13.9268,12.2067,0.3768,6.7783,7.2646,-3.8185,-16.5446,-1.9304,26.6366,-3.6905,10.3457,-5.7557,-1.5519,8.8087,14.6237,8.7208,1.7706,9.9718,10.0937,3.8389,22.2019,12.2729,14.5186,8.7201,15.7404,14.0121,-7.1375,14.2135,-8.9699,24.1419,10.5711,41.8532,5.3222,5.2334,9.6405,-1.5676,9.6923,2.5811,-4.5867,1.7797,4.8025,2.8847,3.9572,26.6199,0.9841,27.0044,12.1283,-10.7987,16.7251,-2.6863,1.5763,-5.7593,7.9108,15.3368,0.6079,17.2128,-5.4087,10.8286,-16.0099,17.9894,1.1593,1.7022,5.4938,-0.3317,3.3474,11.2204,0.9371,-7.5486,9.5064,8.7281,-25.6523
train_23,0,15.0029,-9.3439,10.379,8.3226,13.0204,-5.0744,5.2489,11.6845,2.4277,6.6768,2.0868,-9.4632,14.3968,12.5111,7.7081,14.8456,8.5766,-7.696,19.8976,-3.1722,18.0553,14.3083,5.5099,2.0598,7.0412,14.0052,-4.3154,-2.1271,5.6619,7.6321,-11.6791,10.0586,1.9295,11.7083,11.3347,8.1002,1.0926,2.8859,16.5117,-2.6108,-12.9188,14.7471,11.3345,11.0977,-2.8268,1.1825,7.9644,-5.9012,17.1602,16.5408,12.5357,6.7626,-2.1447,7.1474,9.297,15.5215,22.2373,6.6918,6.3489,8.8051,6.7888,-20.6608,-2.6766,3.4519,6.7753,-0.3032,6.4501,8.0438,5.0361,-8.5015,28.8194,0.723,1.5304,16.1325,33.1933,12.9214,-10.7618,13.5658,3.8978,13.4338,1.6025,14.1861,-4.5135,7.6487,-14.9462,15.599,3.4743,7.0072,6.379,2.6248,-15.2546,6.8774,7.8386,11.6642,11.7089,0.5974,27.2254,27.0748,2.4004,-2.4148,5.9957,8.772,17.7856,1.3541,13.439,4.2936,9.299,33.8517,14.3651,19.9673,3.4192,6.7075,6.187,5.8585,3.4183,0.1468,3.7045,13.4518,-0.5549,4.0976,48.2364,11.4948,3.9699,12.7552,3.5322,12.2333,12.8312,1.0404,1.9237,21.0149,12.2851,0.653,6.8515,6.1327,3.0198,8.5609,7.4903,23.909,-1.7358,14.1019,-0.3418,11.541,18.4513,11.5421,8.7533,5.1792,8.5956,-2.9159,3.7651,33.8777,16.3428,6.6993,9.0158,14.2613,9.8877,4.7311,12.163,-10.6462,0.456,11.085,22.1278,5.54,8.331,5.1103,-13.1325,12.0692,3.1893,2.4344,8.7091,5.2437,7.6946,-5.4696,11.8359,1.4648,20.2965,14.029,1.2707,12.4714,2.7273,1.4241,-7.6439,10.4344,0.9704,14.2971,7.4818,-3.0058,7.4867,-3.9635,16.338,1.2293,2.921,4.3916,5.2208,1.3458,18.294,2.3865,-3.7144,9.4714,12.848,-10.0357